Workbook

Sheet 응답지_1
B2: 이화방어기제검사 응답지
C4: 이름 | D4: 심유리 | E4: 나이 | F4: 43 | G4: 성별 | H4: 여
C6: 문항 | D6: 1 | E6: 2 | F6: 3 | G6: 4 | H6: 5 | I6: 6 | J6: 7 | K6: 8 | L6: 9 | M6: 10 | N6: 11 | O6: 12 | P6: 13 | Q6: 14 | R6: 15 | S6: 16 | T6: 17 | U6: 18 | V6: 19 | W6: 20
C7: 응답 | D7: 3 | E7: 2 | F7: 4 | G7: 3 | H7: 2 | I7: 3 | J7: 3 | K7: 2 | L7: 2 | M7: 1 | N7: 4 | O7: 2 | P7: 2 | Q7: 1 | R7: 1 | S7: 1 | T7: 2 | U7: 5 | V7: 2 | W7: 4
C9: 문항 | D9: 21 | E9: 22 | F9: 23 | G9: 24 | H9: 25 | I9: 26 | J9: 27 | K9: 28 | L9: 29 | M9: 30 | N9: 31 | O9: 32 | P9: 33 | Q9: 34 | R9: 35 | S9: 36 | T9: 37 | U9: 38 | V9: 39 | W9: 40
C10: 응답 | D10: 2 | E10: 3 | F10: 2 | G10: 5 | H10: 4 | I10: 2 | J10: 2 | K10: 3 | L10: 4 | M10: 4 | N10: 3 | O10: 4 | P10: 4 | Q10: 3 | R10: 2 | S10: 3 | T10: 3 | U10: 1 | V10: 2 | W10: 4
C12: 문항 | D12: 41 | E12: 42 | F12: 43 | G12: 44 | H12: 45 | I12: 46 | J12: 47 | K12: 48 | L12: 49 | M12: 50 | N12: 51 | O12: 52 | P12: 53 | Q12: 54 | R12: 55 | S12: 56 | T12: 57 | U12: 58 | V12: 59 | W12: 60
C13: 응답 | D13: 4 | E13: 1 | F13: 2 | G13: 4 | H13: 1 | I13: 1 | J13: 3 | K13: 3 | L13: 2 | M13: 3 | N13: 2 | O13: 2 | P13: 1 | Q13: 2 | R13: 2 | S13: 1 | T13: 3 | U13: 2 | V13: 2 | W13: 4
C15: 문항 | D15: 61 | E15: 62 | F15: 63 | G15: 64 | H15: 65 | I15: 66 | J15: 67 | K15: 68 | L15: 69 | M15: 70 | N15: 71 | O15: 72 | P15: 73 | Q15: 74 | R15: 75 | S15: 76 | T15: 77 | U15: 78 | V15: 79 | W15: 80
C16: 응답 | D16: 4 | E16: 3 | F16: 2 | G16: 3 | H16: 2 | I16: 4 | J16: 1 | K16: 3 | L16: 4 | M16: 1 | N16: 3 | O16: 2 | P16: 1 | Q16: 2 | R16: 2 | S16: 1 | T16: 3 | U16: 2 | V16: 4 | W16: 5
C18: 문항 | D18: 81 | E18: 82 | F18: 83 | G18: 84 | H18: 85 | I18: 86 | J18: 87 | K18: 88 | L18: 89 | M18: 90 | N18: 91 | O18: 92 | P18: 93 | Q18: 94 | R18: 95 | S18: 96 | T18: 97 | U18: 98 | V18: 99 | W18: 100
C19: 응답 | D19: 1 | E19: 1 | F19: 3 | G19: 2 | H19: 2 | I19: 1 | J19: 1 | K19: 3 | L19: 2 | M19: 3 | N19: 2 | O19: 1 | P19: 2 | Q19: 2 | R19: 2 | S19: 1 | T19: 2 | U19: 1 | V19: 3 | W19: 2
C21: 문항 | D21: 101 | E21: 102 | F21: 103 | G21: 104 | H21: 105 | I21: 106 | J21: 107 | K21: 108 | L21: 109 | M21: 110 | N21: 111 | O21: 112 | P21: 113 | Q21: 114 | R21: 115 | S21: 116 | T21: 117 | U21: 118 | V21: 119 | W21: 120
C22: 응답 | D22: 1 | E22: 3 | F22: 2 | G22: 2 | H22: 3 | I22: 2 | J22: 1 | K22: 2 | L22: 4 | M22: 4 | N22: 3 | O22: 2 | P22: 1 | Q22: 1 | R22: 1 | S22: 2 | T22: 3 | U22: 3 | V22: 2 | W22: 2
... C31: 응답 | D31: 3 | E31: 2 | F31: 4 | G31: 3 | H31: 1 | I31: 4 | J31: 2 | K31: 2 | L31: 3 | M31: 1 | N31: 2 | O31: 1 | P31: 2 | Q31: 1 | R31: 1 | S31: 4 | T31: 3 | U31: 1 | V31: 4 | W31: 3
C33: 문항 | D33: *181 | E33: 182 | F33: 183 | G33: 184 | H33: 185 | I33: 186 | J33: 187 | K33: 188 | L33: 189 | M33: 190 | N33: 191 | O33: 192 | P33: 193 | Q33: 194 | R33: 195 | S33: 196 | T33: 197 | U33: 198 | V33: 199 | W33: 200
C34: 응답 | D34: 2 | E34: 1 | F34: 2 | G34: 1 | H34: 2 | I34: 1 | J34: 1 | K34: 1 | L34: 3 | M34: 2 | N34: 1 | O34: 1 | P34: 2 | Q34: 1 | R34: 1 | S34: 1 | T34: 3 | U34: 4 | V34: 1 | W34: 5

Sheet 결과지_1
B2: 나이 | C2: =응답지_1!F4 -> 43 | D2: 나이코드 | E2: =IF(C2>=50,4,IF(C2>=40,3,IF(C2>=30,2,IF(C2>=15,1)))) -> 3 | F2: 규준표코드 | G2: =10*E2+E3 -> 32
B3: 성별 | C3: =응답지_1!H4 -> 여 | D3: 성별코드 | E3: =IF(C3="남",1,IF(C3="여",2)) -> 2
B4: 무응답 개수 | D4: =COUNTBLANK(응답지_1!C6:W34)-189 -> 0 | E4: 무응답 비율 | G4: =D4/200 -> 0
B6: 척도 | C6: 허세 | D6: 반동형성 | E6: 동일시 | F6: 수동공격 | G6: 투사 | H6: 전치 | I6: 부정 | J6: 통제 | K6: 억제 | L6: 왜곡 | M6: 예견 | N6: 합리화 | O6: 해리 | P6: 신체화 | Q6: 승화 | R6: 행동화 | S6: 이타주의 | T6: 퇴행 | U6: 유머 | V6: 회피
B7: 원점수 | C7: =SUM(6-응답지_1!D34,응답지_1!D31,응답지_1!D28,응답지_1!D25,응답지_1!D22,응답지_1!D19,응답지_1!D16,응답지_1!D13,응답지_1!D10,응답지_1!D7) -> 25 | D7: =SUM(응답지_1!E7,응답지_1!E10,응답지_1!E13,응답지_1!E16,응답지_1!E19,응답지_1!E22,응답지_1!E25,응답지_1!E28,응답지_1!E31,응답지_1!E34) -> 23 | E7: =SUM(응답지_1!F7,응답지_1!F10,응답지_1!F13,응답지_1!F16,응답지_1!F19,응답지_1!F22,응답지_1!F25,응답지_1!F28,응답지_1!F31,응답지_1!F34) -> 24 | F7: =SUM(응답지_1!G7,응답지_1!G10,응답지_1!G13,응답지_1!G16,응답지_1!G19,응답지_1!G22,응답지_1!G25,응답지_1!G28,응답지_1!G31,응답지_1!G34) -> 25 | G7: =SUM(응답지_1!H7,응답지_1!H10,응답지_1!H13,응답지_1!H16,응답지_1!H19,응답지_1!H22,응답지_1!H25,응답지_1!H28,응답지_1!H31,응답지_1!H34) -> 22 | H7: =SUM(응답지_1!I7,응답지_1!I10,응답지_1!I13,응답지_1!I16,응답지_1!I19,응답지_1!I22,응답지_1!I25,응답지_1!I28,응답지_1!I31,응답지_1!I34) -> 20 | I7: =SUM(응답지_1!J7,응답지_1!J10,응답지_1!J13,응답지_1!J16,응답지_1!J19,응답지_1!J22,응답지_1!J25,응답지_1!J28,응답지_1!J31,응답지_1!J34) -> 16 | J7: =SUM(응답지_1!K7,응답지_1!K10,응답지_1!K13,응답지_1!K16,응답지_1!K19,응답지_1!K22,응답지_1!K25,응답지_1!K28,응답지_1!K31,응답지_1!K34) -> 23 | K7: =SUM(응답지_1!L7,응답지_1!L10,응답지_1!L13,응답지_1!L16,응답지_1!L19,응답지_1!L22,응답지_1!L25,응답지_1!L28,응답지_1!L31,응답지_1!L34) -> 28 | ... V7: =SUM(응답지_1!W7,응답지_1!W10,응답지_1!W13,응답지_1!W16,응답지_1!W19,응답지_1!W22,응답지_1!W25,응답지_1!W28,응답지_1!W31,응답지_1!W34) -> 36
B8: 스텐점수 | C8: =IF(G2=42,규준표42!B12,IF(G2=41,규준표41!B12,IF(G2=32,규준표32!B12,IF(G2=31,[1]규준표31!B12,IF(G2=22,규준표22!B12,IF(G2=21,규준표21!B12,IF(G2=12,규준표12!B12,IF(G2=11,규준표11!B12)))))))) -> 5 | D8: =IF(G2=42,규준표42!C12,IF(G2=41,규준표41!C12,IF(G2=32,규준표32!C12,IF(G2=31,[1]규준표31!C12,IF(G2=22,규준표22!C12,IF(G2=21,규준표21!C12,IF(G2=12,규준표12!C12,IF(G2=11,규준표11!C12)))))))) -> 2 | E8: =IF(G2=42,규준표42!D12,IF(G2=41,규준표41!D12,IF(G2=32,규준표32!D12,IF(G2=31,[1]규준표31!D12,IF(G2=22,규준표22!D12,IF(G2=21,규준표21!D12,IF(G2=12,규준표12!D12,IF(G2=11,규준표11!D12)))))))) -> 3 | F8: =IF(G2=42,규준표42!E12,IF(G2=41,규준표41!E12,IF(G2=32,규준표32!E12,IF(G2=31,[1]규준표31!E12,IF(G2=22,규준표22!E12,IF(G2=21,규준표21!E12,IF(G2=12,규준표12!E12,IF(G2=11,규준표11!E12)))))))) -> 5 | G8: =IF(G2=42,규준표42!F12,IF(G2=41,규준표41!F12,IF(G2=32,규준표32!F12,IF(G2=31,[1]규준표31!F12,IF(G2=22,규준표22!F12,IF(G2=21,규준표21!F12,IF(G2=12,규준표12!F12,IF(G2=11,규준표11!F12)))))))) -> 4 | H8: =IF(G2=42,규준표42!G12,IF(G2=41,규준표41!G12,IF(G2=32,규준표32!G12,IF(G2=31,[1]규준표31!G12,IF(G2=22,규준표22!G12,IF(G2=21,규준표21!G12,IF(G2=12,규준표12!G12,IF(G2=11,규준표11!G12)))))))) -> 3 | I8: =IF(G2=42,규준표42!H12,IF(G2=41,규준표41!H12,IF(G2=32,규준표32!H12,IF(G2=31,[1]규준표31!H12,IF(G2=22,규준표22!H12,IF(G2=21,규준표21!H12,IF(G2=12,규준표12!H12,IF(G2=11,규준표11!H12)))))))) -> 1 | J8: =IF(G2=42,규준표42!I12,IF(G2=41,규준표41!I12,IF(G2=32,규준표32!I12,IF(G2=31,[1]규준표31!I12,IF(G2=22,규준표22!I12,IF(G2=21,규준표21!I12,IF(G2=12,규준표12!I12,IF(G2=11,규준표11!I12)))))))) -> 3 | K8: =IF(G2=42,규준표42!J12,IF(G2=41,규준표41!J12,IF(G2=32,규준표32!J12,IF(G2=31,[1]규준표31!J12,IF(G2=22,규준표22!J12,IF(G2=21,규준표21!J12,IF(G2=12,규준표12!J12,IF(G2=11,규준표11!J12)))))))) -> 3 | L8: =IF(G2=42,규준표42!K12,IF(G2=41,규준표41!K12,IF(G2=32,규준표32!K12,IF(G2=31,[1]규준표31!K12,IF(G2=22,규준표22!K12,IF(G2=21,규준표21!K12,IF(G2=12,규준표12!K12,IF(G2=11,규준표11!K12)))))))) -> 4 | M8: =IF(G2=42,규준표42!L12,IF(G2=41,규준표41!L12,IF(G2=32,규준표32!L12,IF(G2=31,[1]규준표31!L12,IF(G2=22,규준표22!L12,IF(G2=21,규준표21!L12,IF(G2=12,규준표12!L12,IF(G2=11,규준표11!L12)))))))) -> 4 | N8: =IF(G2=42,규준표42!M12,IF(G2=41,규준표41!M12,IF(G2=32,규준표32!M12,IF(G2=31,[1]규준표31!M12,IF(G2=22,규준표22!M12,IF(G2=21,규준표21!M12,IF(G2=12,규준표12!M12,IF(G2=11,규준표11!M12)))))))) -> 1 | O8: =IF(G2=42,규준표42!N12,IF(G2=41,규준표41!N12,IF(G2=32,규준표32!N12,IF(G2=31,[1]규준표31!N12,IF(G2=22,규준표22!N12,IF(G2=21,규준표21!N12,IF(G2=12,규준표12!N12,IF(G2=11,규준표11!N12)))))))) -> 1 | P8: =IF(G2=42,규준표42!O12,IF(G2=41,규준표41!O12,IF(G2=32,규준표32!O12,IF(G2=31,[1]규준표31!O12,IF(G2=22,[2]P16규준표22!O12,IF(G2=21,규준표21!O12,IF(G2=12,규준표12!O12,IF(G2=11,규준표11!O12)))))))) -> 1 | Q8: =IF(G2=42,규준표42!P12,IF(G2=41,규준표41!P12,IF(G2=32,규준표32!P12,IF(G2=31,[1]규준표31!P12,IF(G2=22,규준표22!P12,IF(G2=21,규준표21!P12,IF(G2=12,규준표12!P12,IF(G2=11,규준표11!P12)))))))) -> 3 | R8: =IF(G2=42,규준표42!Q12,IF(G2=41,규준표41!Q12,IF(G2=32,규준표32!Q12,IF(G2=31,[1]규준표31!Q12,IF(G2=22,규준표22!Q12,IF(G2=21,규준표21!Q12,IF(G2=12,규준표12!Q12,IF(G2=11,규준표11!Q12)))))))) -> 1 | S8: =IF(G2=42,규준표42!R12,IF(G2=41,규준표41!R12,IF(G2=32,규준표32!R12,IF(G2=31,[1]규준표31!R12,IF(G2=22,규준표22!R12,IF(G2=21,규준표21!R12,IF(G2=12,규준표12!R12,IF(G2=11,규준표11!R12)))))))) -> 4 | T8: =IF(G2=42,규준표42!S12,IF(G2=41,규준표41!S12,IF(G2=32,규준표32!S12,IF(G2=31,[1]규준표31!S12,IF(G2=22,규준표22!S12,IF(G2=21,규준표21!S12,IF(G2=12,규준표12!S12,IF(G2=11,규준표11!S12)))))))) -> 2 | U8: =IF(G2=42,규준표42!T12,IF(G2=41,규준표41!T12,IF(G2=32,규준표32!T12,IF(G2=31,[1]규준표31!T12,IF(G2=22,규준표22!T12,IF(G2=21,규준표21!T12,IF(G2=12,규준표12!T12,IF(G2=11,규준표11!T12)))))))) -> 4 | V8: =IF(G2=42,규준표42!U12,IF(G2=41,규준표41!U12,IF(G2=32,규준표32!U12,IF(G2=31,[1]규준표31!U12,IF(G2=22,규준표22!U12,IF(G2=21,규준표21!U12,IF(G2=12,규준표12!U12,IF(G2=11,규준표11!U12)))))))) -> 9
B10: 백분위
B11: 98.8 | C11: =IF(C8=10,1,"") | D11: =IF(D8=10,1,"") | E11: =IF(E8=10,1,"") | F11: =IF(F8=10,1,"") | G11: =IF(G8=10,1,"") | H11: =IF(H8=10,1,"") | I11: =IF(I8=10,1,"") | J11: =IF(J8=10,1,"") | ... V11: =IF(V8=10,1,"")
B12: 96 | C12: =IF(C8=9,1,"") | D12: =IF(D8=9,1,"") | E12: =IF(E8=9,1,"") | F12: =IF(F8=9,1,"") | G12: =IF(G8=9,1,"") | H12: =IF(H8=9,1,"") | I12: =IF(I8=9,1,"") | J12: =IF(J8=9,1,"") | ... V12: =IF(V8=9,1,"") -> 1
B13: 89.4 | C13: =IF(C8=8,1,"") | D13: =IF(D8=8,1,"") | E13: =IF(E8=8,1,"") | F13: =IF(F8=8,1,"") | G13: =IF(G8=8,1,"") | H13: =IF(H8=8,1,"") | I13: =IF(I8=8,1,"") | J13: =IF(J8=8,1,"") | ... V13: =IF(V8=8,1,"")
B14: 77.3 | C14: =IF(C8=7,1,"") | D14: =IF(D8=7,1,"") | E14: =IF(E8=7,1,"") | F14: =IF(F8=7,1,"") | G14: =IF(G8=7,1,"") | H14: =IF(H8=7,1,"") | I14: =IF(I8=7,1,"") | J14: =IF(J8=7,1,"") | ... V14: =IF(V8=7,1,"")
B15: 59.9 | C15: =IF(C8=6,1,"") | D15: =IF(D8=6,1,"") | E15: =IF(E8=6,1,"") | F15: =IF(F8=6,1,"") | G15: =IF(G8=6,1,"") | H15: =IF(H8=6,1,"") | I15: =IF(I8=6,1,"") | J15: =IF(J8=6,1,"") | ... V15: =IF(V8=6,1,"")
B16: 40.1 | C16: =IF(C8=5,1,"") -> 1 | D16: =IF(D8=5,1,"") | E16: =IF(E8=5,1,"") | F16: =IF(F8=5,1,"") -> 1 | G16: =IF(G8=5,1,"") | H16: =IF(H8=5,1,"") | I16: =IF(I8=5,1,"") | J16: =IF(J8=5,1,"") | ... V16: =IF(V8=5,1,"")
B17: 22.17 | C17: =IF(C8=4,1,"") | D17: =IF(D8=4,1,"") | E17: =IF(E8=4,1,"") | F17: =IF(F8=4,1,"") | G17: =IF(G8=4,1,"") -> 1 | H17: =IF(H8=4,1,"") | I17: =IF(I8=4,1,"") | J17: =IF(J8=4,1,"") | ... V17: =IF(V8=4,1,"")
B18: 10.6 | C18: =IF(C8=3,1,"") | D18: =IF(D8=3,1,"") | E18: =IF(E8=3,1,"") -> 1 | F18: =IF(F8=3,1,"") | G18: =IF(G8=3,1,"") | H18: =IF(H8=3,1,"") -> 1 | I18: =IF(I8=3,1,"") | J18: =IF(J8=3,1,"") -> 1 | ... V18: =IF(V8=3,1,"")
B19: 4.1 | C19: =IF(C8=2,1,"") | D19: =IF(D8=2,1,"") -> 1 | E19: =IF(E8=2,1,"") | F19: =IF(F8=2,1,"") | G19: =IF(G8=2,1,"") | H19: =IF(H8=2,1,"") | I19: =IF(I8=2,1,"") | J19: =IF(J8=2,1,"") | ... V19: =IF(V8=2,1,"")
B20: 1.2 | C20: =IF(C8=1,1,"") | D20: =IF(D8=1,1,"") | E20: =IF(E8=1,1,"") | F20: =IF(F8=1,1,"") | G20: =IF(G8=1,1,"") | H20: =IF(H8=1,1,"") | I20: =IF(I8=1,1,"") -> 1 | J20: =IF(J8=1,1,"") | ... V20: =IF(V8=1,1,"")
B22: 성숙단계 | C22: I. 자아도취 단계 | E22: 투사 | F22: 부정 | G22: 왜곡
E23: =IF(G8>=8,1,"") | F23: =IF(I8>=8,1,"") | G23: =IF(L8>=8,1,"") | M23: 성숙단계 비율
C24: II. 미성숙 단계 | E24: 동일시 | F24: 수동공격 | G24: 신체화 | H24: 행동화 | I24: 퇴행 | J24: 회피 | M24: I : II | N24: =COUNTIF(E23:G23,1) -> 0 | O24: : | P24: =COUNTIF(E25:J25,1) -> 1
E25: =IF(E8>=8,1,"") | F25: =IF(F8>=8,1,"") | G25: =IF(P8>=8,1,"") | H25: =IF(R8>=8,1,"") | I25: =IF(T8>=8,1,"") | J25: =IF(V8>=8,1,"") -> 1 | M25: I : III | N25: =COUNTIF(E23:G23,1) -> 0 | O25: : | P25: =COUNTIF(E27:J27,1) -> 0
C26: III. 신경증적 단계 | E26: 허세 | F26: 반동형성 | G26: 전치 | H26: 통제 | I26: 합리화 | J26: 해리 | M26: I : IV | N26: =COUNTIF(E23:G23,1) -> 0 | O26: : | P26: =COUNTIF(E29:I29,1) -> 0
E27: =IF(C8>=8,1,"") | F27: =IF(D8>=8,1,"") | G27: =IF(H8>=8,1,"") | H27: =IF(J8>=8,1,"") | I27: =IF(N8>=8,1,"") | J27: =IF(O8>=8,1,"")
C28: IV. 성숙 단계 | E28: 억제 | F28: 예견 | G28: 승화 | H28: 이타주의 | I28: 유머
E29: =IF(K8>=8,1,"") | F29: =IF(M8>=8,1,"") | G29: =IF(Q8>=8,1,"") | H29: =IF(S8>=8,1,"") | I29: =IF(U8>=8,1,"")
B31: 요인분석 | C31: I. 불안정한 예민화 | E31: 행동화 | F31: 전치 | G31: 신체화 | H31: 해리 | I31: 투사 | J31: 수동공격
E32: =H25 | F32: =G27 | G32: =G25 | H32: =J27 | I32: =E23 | J32: =F25
C33: II. 자아확대적 | E33: 통제 | F33: 왜곡 | G33: 이타주의 | H33: 유머 | I33: 승화
E34: =H27 | F34: =G23 | G34: =H29 | H34: =I29 | I34: =G29
C35: III. 자아부정적 | E35: 반동형성 | F35: 허세 | G35: 동일시 | H35: 퇴행
E36: =F27 | F36: =E27 | G36: =E25 | H36: =I25
C37: IV. 행동부정적 | E37: 부정 | F37: 합리화 | G37: 억제 | H37: 예견 | I37: 회피
E38: =F23 | F38: =I27 | G38: =E29 | H38: =F29 | I38: =J25 -> 1

Sheet 규준표11
A1: 15-29세, 남 | B1: 허세 | C1: 반동형성 | D1: 동일시 | E1: 수동-공격적 | F1: 투사 | G1: 전치 | H1: 부정 | I1: 통제 | J1: 억제 | K1: 왜곡 | L1: 예견 | M1: 합리화 | N1: 해리 | O1: 신체화 | P1: 승화 | Q1: 행동화 | R1: 이타주의 | S1: 퇴행 | T1: 유머 | U1: 회피
A2: 1 | B2: 16 | C2: 23 | D2: 22 | E2: 19 | F2: 17 | G2: 16 | H2: 17 | I2: 22 | J2: 23 | K2: 19 | L2: 20 | M2: 22 | N2: 18 | O2: 15 | P2: 18 | Q2: 14 | R2: 22 | S2: 22 | T2: 21 | U2: 20
A3: 2 | B3: 19 | C3: 26 | D3: 25 | E3: 21 | F3: 20 | G3: 19 | H3: 19 | I3: 24 | J3: 26 | K3: 21 | L3: 22 | M3: 25 | N3: 21 | O3: 18 | P3: 20 | Q3: 17 | R3: 24 | S3: 25 | T3: 24 | U3: 22
A4: 3 | B4: 21 | C4: 28 | D4: 27 | E4: 24 | F4: 22 | G4: 21 | H4: 21 | I4: 27 | J4: 28 | K4: 24 | L4: 25 | M4: 27 | N4: 24 | O4: 21 | P4: 23 | Q4: 20 | R4: 27 | S4: 27 | T4: 27 | U4: 24
A5: 4 | B5: 24 | C5: 30 | D5: 29 | E5: 27 | F5: 25 | G5: 24 | H5: 23 | I5: 29 | J5: 31 | K5: 26 | L5: 28 | M5: 29 | N5: 27 | O5: 24 | P5: 25 | Q5: 24 | R5: 29 | S5: 29 | T5: 30 | U5: 27
A6: 5 | B6: 27 | C6: 32 | D6: 32 | E6: 29 | F6: 27 | G6: 26 | H6: 25 | I6: 31 | J6: 34 | K6: 29 | L6: 30 | M6: 31 | N6: 30 | O6: 27 | P6: 28 | Q6: 27 | R6: 32 | S6: 31 | T6: 33 | U6: 29
A7: 6 | B7: 30 | C7: 34 | D7: 34 | E7: 32 | F7: 30 | G7: 29 | H7: 28 | I7: 34 | J7: 36 | K7: 31 | L7: 33 | M7: 33 | N7: 33 | O7: 30 | P7: 31 | Q7: 30 | R7: 35 | S7: 33 | T7: 36 | U7: 31
A8: 7 | B8: 33 | C8: 36 | D8: 36 | E8: 35 | F8: 33 | G8: 31 | H8: 30 | I8: 36 | J8: 39 | K8: 34 | L8: 36 | M8: 36 | N8: 36 | O8: 33 | P8: 33 | Q8: 34 | R8: 37 | S8: 35 | T8: 39 | U8: 34
A9: 8 | B9: 35 | C9: 39 | D9: 38 | E9: 37 | F9: 35 | G9: 34 | H9: 32 | I9: 38 | J9: 42 | K9: 36 | L9: 38 | M9: 38 | N9: 39 | O9: 36 | P9: 36 | Q9: 37 | R9: 40 | S9: 37 | T9: 42 | U9: 37
A10: 9 | B10: 38 | C10: 41 | D10: 41 | E10: 40 | F10: 38 | G10: 36 | H10: 34 | I10: 40 | J10: 44 | K10: 39 | L10: 41 | M10: 40 | N10: 42 | O10: 39 | P10: 38 | Q10: 41 | R10: 42 | S10: 40 | T10: 44 | U10: 39
A11: 10 | B11: 51 | C11: 51 | D11: 51 | E11: 51 | F11: 51 | G11: 51 | H11: 51 | I11: 51 | J11: 51 | K11: 51 | L11: 51 | M11: 51 | N11: 51 | O11: 51 | P11: 51 | Q11: 51 | R11: 51 | S11: 51 | T11: 51 | U11: 51
B12: =COUNTIF(B2:B11,"<="&B13)+1 -> 5 | C12: =COUNTIF(C2:C11,"<="&C13)+1 -> 2 | D12: =COUNTIF(D2:D11,"<="&D13)+1 -> 2 | E12: =COUNTIF(E2:E11,"<="&E13)+1 -> 4 | F12: =COUNTIF(F2:F11,"<="&F13)+1 -> 4 | G12: =COUNTIF(G2:G11,"<="&G13)+1 -> 3 | H12: =COUNTIF(H2:H11,"<="&H13)+1 -> 1 | I12: =COUNTIF(I2:I11,"<="&I13)+1 -> 2 | ... U12: =COUNTIF(U2:U11,"<="&U13)+1 -> 8
B13: =결과지_1!C7 -> 25 | C13: =결과지_1!D7 -> 23 | D13: =결과지_1!E7 -> 24 | E13: =결과지_1!F7 -> 25 | F13: =결과지_1!G7 -> 22 | G13: =결과지_1!H7 -> 20 | H13: =결과지_1!I7 -> 16 | I13: =결과지_1!J7 -> 23 | ... U13: =결과지_1!V7 -> 36

Sheet 규준표12
A1: 15-29세, 여 | B1: 허세 | C1: 반동형성 | D1: 동일시 | E1: 수동-공격적 | F1: 투사 | G1: 전치 | H1: 부정 | I1: 통제 | J1: 억제 | K1: 왜곡 | L1: 예견 | M1: 합리화 | N1: 해리 | O1: 신체화 | P1: 승화 | Q1: 행동화 | R1: 이타주의 | S1: 퇴행 | T1: 유머 | U1: 회피
A2: 1 | B2: 19 | C2: 24 | D2: 25 | E2: 20 | F2: 21 | G2: 21 | H2: 19 | I2: 21 | J2: 23 | K2: 17 | L2: 21 | M2: 22 | N2: 24 | O2: 20 | P2: 19 | Q2: 17 | R2: 20 | S2: 24 | T2: 20 | U2: 22
A3: 2 | B3: 21 | C3: 27 | D3: 27 | E3: 23 | F3: 23 | G3: 23 | H3: 21 | I3: 23 | J3: 25 | K3: 20 | L3: 23 | M3: 24 | N3: 26 | O3: 23 | P3: 21 | Q3: 20 | R3: 23 | S3: 26 | T3: 23 | U3: 24
A4: 3 | B4: 24 | C4: 29 | D4: 29 | E4: 25 | F4: 25 | G4: 26 | H4: 23 | I4: 26 | J4: 28 | K4: 22 | L4: 25 | M4: 26 | N4: 29 | O4: 26 | P4: 24 | Q4: 22 | R4: 25 | S4: 28 | T4: 26 | U4: 26
A5: 4 | B5: 26 | C5: 31 | D5: 31 | E5: 28 | F5: 27 | G5: 28 | H5: 25 | I5: 29 | J5: 30 | K5: 25 | L5: 28 | M5: 28 | N5: 32 | O5: 29 | P5: 26 | Q5: 25 | R5: 28 | S5: 31 | T5: 29 | U5: 28
A6: 5 | B6: 29 | C6: 33 | D6: 33 | E6: 30 | F6: 29 | G6: 30 | H6: 27 | I6: 31 | J6: 33 | K6: 27 | L6: 30 | M6: 30 | N6: 34 | O6: 32 | P6: 29 | Q6: 28 | R6: 30 | S6: 33 | T6: 32 | U6: 30
A7: 6 | B7: 32 | C7: 36 | D7: 35 | E7: 32 | F7: 31 | G7: 32 | H7: 29 | I7: 34 | J7: 36 | K7: 30 | L7: 32 | M7: 33 | N7: 37 | O7: 35 | P7: 31 | Q7: 31 | R7: 33 | S7: 35 | T7: 34 | U7: 32
A8: 7 | B8: 34 | C8: 38 | D8: 37 | E8: 35 | F8: 33 | G8: 34 | H8: 31 | I8: 36 | J8: 38 | K8: 32 | L8: 35 | M8: 35 | N8: 39 | O8: 38 | P8: 34 | Q8: 33 | R8: 35 | S8: 37 | T8: 37 | U8: 34
A9: 8 | B9: 37 | C9: 40 | D9: 39 | E9: 37 | F9: 35 | G9: 37 | H9: 33 | I9: 38 | J9: 41 | K9: 35 | L9: 37 | M9: 37 | N9: 42 | O9: 40 | P9: 36 | Q9: 36 | R9: 38 | S9: 39 | T9: 40 | U9: 36
A10: 9 | B10: 39 | C10: 43 | D10: 41 | E10: 40 | F10: 37 | G10: 39 | H10: 35 | I10: 40 | J10: 43 | K10: 37 | L10: 39 | M10: 40 | N10: 45 | O10: 43 | P10: 38 | Q10: 39 | R10: 40 | S10: 41 | T10: 43 | U10: 38
A11: 10 | B11: 51 | C11: 51 | D11: 51 | E11: 51 | F11: 51 | G11: 51 | H11: 51 | I11: 51 | J11: 51 | K11: 51 | L11: 51 | M11: 51 | N11: 51 | O11: 51 | P11: 51 | Q11: 51 | R11: 51 | S11: 51 | T11: 51 | U11: 51
B12: =COUNTIF(B2:B11,"<="&B13)+1 -> 4 | C12: =COUNTIF(C2:C11,"<="&C13)+1 -> 1 | D12: =COUNTIF(D2:D11,"<="&D13)+1 -> 1 | E12: =COUNTIF(E2:E11,"<="&E13)+1 -> 4 | F12: =COUNTIF(F2:F11,"<="&F13)+1 -> 2 | G12: =COUNTIF(G2:G11,"<="&G13)+1 -> 1 | H12: =COUNTIF(H2:H11,"<="&H13)+1 -> 1 | I12: =COUNTIF(I2:I11,"<="&I13)+1 -> 3 | ... U12: =COUNTIF(U2:U11,"<="&U13)+1 -> 9
B13: =결과지_1!C7 -> 25 | C13: =결과지_1!D7 -> 23 | D13: =결과지_1!E7 -> 24 | E13: =결과지_1!F7 -> 25 | F13: =결과지_1!G7 -> 22 | G13: =결과지_1!H7 -> 20 | H13: =결과지_1!I7 -> 16 | I13: =결과지_1!J7 -> 23 | ... U13: =결과지_1!V7 -> 36

Sheet 규준표21
A1: 30-39세, 남 | B1: 허세 | C1: 반동형성 | D1: 동일시 | E1: 수동-공격적 | F1: 투사 | G1: 전치 | H1: 부정 | I1: 통제 | J1: 억제 | K1: 왜곡 | L1: 예견 | M1: 합리화 | N1: 해리 | O1: 신체화 | P1: 승화 | Q1: 행동화 | R1: 이타주의 | S1: 퇴행 | T1: 유머 | U1: 회피
A2: 1 | B2: 14 | C2: 23 | D2: 20 | E2: 17 | F2: 17 | G2: 16 | H2: 18 | I2: 23 | J2: 25 | K2: 18 | L2: 22 | M2: 23 | N2: 17 | O2: 14 | P2: 19 | Q2: 15 | R2: 23 | S2: 21 | T2: 21 | U2: 22
A3: 2 | B3: 17 | C3: 26 | D3: 23 | E3: 20 | F3: 19 | G3: 19 | H3: 20 | I3: 25 | J3: 27 | K3: 20 | L3: 24 | M3: 25 | N3: 21 | O3: 18 | P3: 21 | Q3: 19 | R3: 25 | S3: 23 | T3: 24 | U3: 24
A4: 3 | B4: 20 | C4: 28 | D4: 26 | E4: 23 | F4: 22 | G4: 22 | H4: 22 | I4: 28 | J4: 30 | K4: 23 | L4: 27 | M4: 27 | N4: 24 | O4: 21 | P4: 23 | Q4: 22 | R4: 28 | S4: 25 | T4: 27 | U4: 26
A5: 4 | B5: 23 | C5: 30 | D5: 28 | E5: 26 | F5: 25 | G5: 24 | H5: 24 | I5: 30 | J5: 32 | K5: 25 | L5: 29 | M5: 29 | N5: 27 | O5: 25 | P5: 26 | Q5: 25 | R5: 30 | S5: 28 | T5: 30 | U5: 28
A6: 5 | B6: 26 | C6: 32 | D6: 31 | E6: 29 | F6: 28 | G6: 27 | H6: 26 | I6: 32 | J6: 35 | K6: 28 | L6: 32 | M6: 31 | N6: 30 | O6: 28 | P6: 28 | Q6: 28 | R6: 33 | S6: 30 | T6: 32 | U6: 30
A7: 6 | B7: 29 | C7: 35 | D7: 33 | E7: 32 | F7: 30 | G7: 30 | H7: 28 | I7: 34 | J7: 37 | K7: 30 | L7: 34 | M7: 34 | N7: 33 | O7: 32 | P7: 30 | Q7: 31 | R7: 36 | S7: 32 | T7: 35 | U7: 32
A8: 7 | B8: 32 | C8: 37 | D8: 36 | E8: 35 | F8: 33 | G8: 33 | H8: 30 | I8: 36 | J8: 40 | K8: 33 | L8: 37 | M8: 36 | N8: 36 | O8: 35 | P8: 33 | Q8: 34 | R8: 38 | S8: 35 | T8: 37 | U8: 34
A9: 8 | B9: 35 | C9: 39 | D9: 38 | E9: 38 | F9: 36 | G9: 35 | H9: 32 | I9: 38 | J9: 42 | K9: 35 | L9: 39 | M9: 38 | N9: 39 | O9: 39 | P9: 35 | Q9: 37 | R9: 41 | S9: 37 | T9: 40 | U9: 36
A10: 9 | B10: 38 | C10: 41 | D10: 41 | E10: 41 | F10: 38 | G10: 38 | H10: 34 | I10: 41 | J10: 45 | K10: 38 | L10: 42 | M10: 40 | N10: 43 | O10: 42 | P10: 38 | Q10: 41 | R10: 43 | S10: 40 | T10: 43 | U10: 38
A11: 10 | B11: 51 | C11: 51 | D11: 51 | E11: 51 | F11: 51 | G11: 51 | H11: 51 | I11: 51 | J11: 51 | K11: 51 | L11: 51 | M11: 51 | N11: 51 | O11: 51 | P11: 51 | Q11: 51 | R11: 51 | S11: 51 | T11: 51 | U11: 51
B12: =COUNTIF(B2:B11,"<="&B13)+1 -> 5 | C12: =COUNTIF(C2:C11,"<="&C13)+1 -> 2 | D12: =COUNTIF(D2:D11,"<="&D13)+1 -> 3 | E12: =COUNTIF(E2:E11,"<="&E13)+1 -> 4 | F12: =COUNTIF(F2:F11,"<="&F13)+1 -> 4 | G12: =COUNTIF(G2:G11,"<="&G13)+1 -> 3 | H12: =COUNTIF(H2:H11,"<="&H13)+1 -> 1 | I12: =COUNTIF(I2:I11,"<="&I13)+1 -> 2 | ... U12: =COUNTIF(U2:U11,"<="&U13)+1 -> 9
B13: =결과지_1!C7 -> 25 | C13: =결과지_1!D7 -> 23 | D13: =결과지_1!E7 -> 24 | E13: =결과지_1!F7 -> 25 | F13: =결과지_1!G7 -> 22 | G13: =결과지_1!H7 -> 20 | H13: =결과지_1!I7 -> 16 | I13: =결과지_1!J7 -> 23 | ... U13: =결과지_1!V7 -> 36

Sheet 규준표22
A1: 30-39세, 여 | B1: 허세 | C1: 반동형성 | D1: 동일시 | E1: 수동-공격적 | F1: 투사 | G1: 전치 | H1: 부정 | I1: 통제 | J1: 억제 | K1: 왜곡 | L1: 예견 | M1: 합리화 | N1: 해리 | O1: 신체화 | P1: 승화 | Q1: 행동화 | R1: 이타주의 | S1: 퇴행 | T1: 유머 | U1: 회피
A2: 1 | B2: 16 | C2: 23 | D2: 23 | E2: 20 | F2: 18 | G2: 21 | H2: 20 | I2: 22 | J2: 25 | K2: 18 | L2: 22 | M2: 23 | N2: 22 | O2: 20 | P2: 18 | Q2: 17 | R2: 22 | S2: 21 | T2: 20 | U2: 23
A3: 2 | B3: 19 | C3: 25 | D3: 25 | E3: 22 | F3: 21 | G3: 23 | H3: 22 | I3: 24 | J3: 27 | K3: 20 | L3: 25 | M3: 25 | N3: 24 | O3: 23 | P3: 21 | Q3: 20 | R3: 25 | S3: 23 | T3: 22 | U3: 25
A4: 3 | B4: 22 | C4: 27 | D4: 28 | E4: 24 | F4: 23 | G4: 25 | H4: 23 | I4: 26 | J4: 30 | K4: 23 | L4: 27 | M4: 28 | N4: 27 | O4: 26 | P4: 23 | Q4: 22 | R4: 27 | S4: 26 | T4: 25 | U4: 26
A5: 4 | B5: 24 | C5: 29 | D5: 30 | E5: 27 | F5: 26 | G5: 26 | H5: 25 | I5: 29 | J5: 32 | K5: 25 | L5: 30 | M5: 30 | N5: 30 | O5: 29 | P5: 25 | Q5: 25 | R5: 30 | S5: 28 | T5: 27 | U5: 28
A6: 5 | B6: 27 | C6: 31 | D6: 32 | E6: 29 | F6: 28 | G6: 28 | H6: 27 | I6: 31 | J6: 35 | K6: 27 | L6: 32 | M6: 32 | N6: 32 | O6: 32 | P6: 28 | Q6: 28 | R6: 32 | S6: 30 | T6: 30 | U6: 30
A7: 6 | B7: 30 | C7: 33 | D7: 34 | E7: 31 | F7: 30 | G7: 30 | H7: 29 | I7: 33 | J7: 37 | K7: 30 | L7: 35 | M7: 34 | N7: 35 | O7: 35 | P7: 30 | Q7: 30 | R7: 35 | S7: 32 | T7: 33 | U7: 32
A8: 7 | B8: 32 | C8: 35 | D8: 36 | E8: 34 | F8: 33 | G8: 33 | H8: 31 | I8: 35 | J8: 40 | K8: 32 | L8: 37 | M8: 36 | N8: 37 | O8: 38 | P8: 32 | Q8: 33 | R8: 37 | S8: 35 | T8: 35 | U8: 34
A9: 8 | B9: 35 | C9: 37 | D9: 39 | E9: 36 | F9: 35 | G9: 35 | H9: 32 | I9: 37 | J9: 43 | K9: 35 | L9: 40 | M9: 38 | N9: 40 | O9: 40 | P9: 35 | Q9: 36 | R9: 40 | S9: 37 | T9: 38 | U9: 35
A10: 9 | B10: 38 | C10: 39 | D10: 41 | E10: 38 | F10: 38 | G10: 37 | H10: 34 | I10: 40 | J10: 45 | K10: 37 | L10: 42 | M10: 40 | N10: 42 | O10: 43 | P10: 37 | Q10: 38 | R10: 42 | S10: 39 | T10: 40 | U10: 37
A11: 10 | B11: 51 | C11: 51 | D11: 51 | E11: 51 | F11: 51 | G11: 51 | H11: 51 | I11: 51 | J11: 51 | K11: 51 | L11: 51 | M11: 51 | N11: 51 | O11: 51 | P11: 51 | Q11: 51 | R11: 51 | S11: 51 | T11: 51 | U11: 51
B12: =COUNTIF(B2:B11,"<="&B13)+1 -> 5 | C12: =COUNTIF(C2:C11,"<="&C13)+1 -> 2 | D12: =COUNTIF(D2:D11,"<="&D13)+1 -> 2 | E12: =COUNTIF(E2:E11,"<="&E13)+1 -> 4 | F12: =COUNTIF(F2:F11,"<="&F13)+1 -> 3 | G12: =COUNTIF(G2:G11,"<="&G13)+1 -> 1 | H12: =COUNTIF(H2:H11,"<="&H13)+1 -> 1 | I12: =COUNTIF(I2:I11,"<="&I13)+1 -> 2 | ... U12: =COUNTIF(U2:U11,"<="&U13)+1 -> 9
B13: =결과지_1!C7 -> 25 | C13: =결과지_1!D7 -> 23 | D13: =결과지_1!E7 -> 24 | E13: =결과지_1!F7 -> 25 | F13: =결과지_1!G7 -> 22 | G13: =결과지_1!H7 -> 20 | H13: =결과지_1!I7 -> 16 | I13: =결과지_1!J7 -> 23 | ... U13: =결과지_1!V7 -> 36

Sheet 규준표31
A1: 40-49세, 남 | B1: 허세 | C1: 반동형성 | D1: 동일시 | E1: 수동-공격적 | F1: 투사 | G1: 전치 | H1: 부정 | I1: 통제 | J1: 억제 | K1: 왜곡 | L1: 예견 | M1: 합리화 | N1: 해리 | O1: 신체화 | P1: 승화 | Q1: 행동화 | R1: 이타주의 | S1: 퇴행 | T1: 유머 | U1: 회피
A2: 1 | B2: 16 | C2: 22 | D2: 23 | E2: 18 | F2: 17 | G2: 18 | H2: 18 | I2: 23 | J2: 25 | K2: 17 | L2: 22 | M2: 25 | N2: 19 | O2: 16 | P2: 16 | Q2: 16 | R2: 22 | S2: 20 | T2: 20 | U2: 22
A3: 2 | B3: 19 | C3: 25 | D3: 25 | E3: 21 | F3: 20 | G3: 20 | H3: 20 | I3: 25 | J3: 27 | K3: 19 | L3: 25 | M3: 27 | N3: 22 | O3: 19 | P3: 19 | Q3: 19 | R3: 25 | S3: 23 | T3: 23 | U3: 24
A4: 3 | B4: 21 | C4: 27 | D4: 27 | E4: 23 | F4: 22 | G4: 22 | H4: 22 | I4: 27 | J4: 29 | K4: 22 | L4: 27 | M4: 29 | N4: 24 | O4: 22 | P4: 21 | Q4: 22 | R4: 28 | S4: 25 | T4: 25 | U4: 26
A5: 4 | B5: 24 | C5: 29 | D5: 29 | E5: 26 | F5: 25 | G5: 25 | H5: 25 | I5: 29 | J5: 32 | K5: 24 | L5: 30 | M5: 31 | N5: 27 | O5: 25 | P5: 23 | Q5: 25 | R5: 30 | S5: 27 | T5: 28 | U5: 28
A6: 5 | B6: 27 | C6: 31 | D6: 31 | E6: 28 | F6: 27 | G6: 27 | H6: 27 | I6: 32 | J6: 34 | K6: 27 | L6: 32 | M6: 33 | N6: 30 | O6: 28 | P6: 26 | Q6: 28 | R6: 33 | S6: 30 | T6: 30 | U6: 31
A7: 6 | B7: 29 | C7: 34 | D7: 33 | E7: 31 | F7: 30 | G7: 29 | H7: 29 | I7: 34 | J7: 37 | K7: 30 | L7: 35 | M7: 35 | N7: 33 | O7: 31 | P7: 29 | Q7: 31 | R7: 36 | S7: 32 | T7: 33 | U7: 33
A8: 7 | B8: 32 | C8: 36 | D8: 35 | E8: 33 | F8: 32 | G8: 31 | H8: 31 | I8: 36 | J8: 39 | K8: 32 | L8: 38 | M8: 36 | N8: 35 | O8: 34 | P8: 31 | Q8: 34 | R8: 38 | S8: 34 | T8: 35 | U8: 35
A9: 8 | B9: 35 | C9: 38 | D9: 37 | E9: 36 | F9: 35 | G9: 33 | H9: 33 | I9: 38 | J9: 41 | K9: 35 | L9: 40 | M9: 38 | N9: 38 | O9: 37 | P9: 34 | Q9: 37 | R9: 41 | S9: 37 | T9: 38 | U9: 37
A10: 9 | B10: 37 | C10: 40 | D10: 39 | E10: 39 | F10: 37 | G10: 36 | H10: 35 | I10: 41 | J10: 43 | K10: 38 | L10: 43 | M10: 40 | N10: 41 | O10: 40 | P10: 36 | Q10: 40 | R10: 43 | S10: 39 | T10: 40 | U10: 39
A11: 10 | B11: 51 | C11: 51 | D11: 51 | E11: 51 | F11: 51 | G11: 51 | H11: 51 | I11: 51 | J11: 51 | K11: 51 | L11: 51 | M11: 51 | N11: 51 | O11: 51 | P11: 51 | Q11: 51 | R11: 51 | S11: 51 | T11: 51 | U11: 51
B12: =COUNTIF(B2:B11,"<="&B13)+1 -> 5 | C12: =COUNTIF(C2:C11,"<="&C13)+1 -> 2 | D12: =COUNTIF(D2:D11,"<="&D13)+1 -> 2 | E12: =COUNTIF(E2:E11,"<="&E13)+1 -> 4 | F12: =COUNTIF(F2:F11,"<="&F13)+1 -> 4 | G12: =COUNTIF(G2:G11,"<="&G13)+1 -> 3 | H12: =COUNTIF(H2:H11,"<="&H13)+1 -> 1 | I12: =COUNTIF(I2:I11,"<="&I13)+1 -> 2 | ... U12: =COUNTIF(U2:U11,"<="&U13)+1 -> 8
B13: =결과지_1!C7 -> 25 | C13: =결과지_1!D7 -> 23 | D13: =결과지_1!E7 -> 24 | E13: =결과지_1!F7 -> 25 | F13: =결과지_1!G7 -> 22 | G13: =결과지_1!H7 -> 20 | H13: =결과지_1!I7 -> 16 | I13: =결과지_1!J7 -> 23 | ... U13: =결과지_1!V7 -> 36

Sheet 규준표32
A1: 40-49세, 여 | B1: 허세 | C1: 반동형성 | D1: 동일시 | E1: 수동-공격적 | F1: 투사 | G1: 전치 | H1: 부정 | I1: 통제 | J1: 억제 | K1: 왜곡 | L1: 예견 | M1: 합리화 | N1: 해리 | O1: 신체화 | P1: 승화 | Q1: 행동화 | R1: 이타주의 | S1: 퇴행 | T1: 유머 | U1: 회피
A2: 1 | B2: 17 | C2: 22 | D2: 22 | E2: 18 | F2: 17 | G2: 18 | H2: 19 | I2: 21 | J2: 25 | K2: 17 | L2: 21 | M2: 23 | N2: 21 | O2: 21 | P2: 16 | Q2: 17 | R2: 22 | S2: 21 | T2: 19 | U2: 23
A3: 2 | B3: 20 | C3: 24 | D3: 24 | E3: 20 | F3: 19 | G3: 20 | H3: 21 | I3: 23 | J3: 27 | K3: 20 | L3: 23 | M3: 26 | N3: 24 | O3: 24 | P3: 19 | Q3: 19 | R3: 24 | S3: 23 | T3: 22 | U3: 25
A4: 3 | B4: 22 | C4: 27 | D4: 26 | E4: 22 | F4: 22 | G4: 23 | H4: 24 | I4: 26 | J4: 30 | K4: 22 | L4: 26 | M4: 28 | N4: 26 | O4: 26 | P4: 21 | Q4: 22 | R4: 27 | S4: 25 | T4: 24 | U4: 27
A5: 4 | B5: 25 | C5: 29 | D5: 28 | E5: 25 | F5: 24 | G5: 25 | H5: 26 | I5: 28 | J5: 32 | K5: 25 | L5: 29 | M5: 30 | N5: 29 | O5: 29 | P5: 24 | Q5: 24 | R5: 30 | S5: 27 | T5: 27 | U5: 29
A6: 5 | B6: 27 | C6: 31 | D6: 30 | E6: 27 | F6: 27 | G6: 27 | H6: 28 | I6: 31 | J6: 35 | K6: 27 | L6: 31 | M6: 32 | N6: 31 | O6: 32 | P6: 27 | Q6: 26 | R6: 32 | S6: 29 | T6: 29 | U6: 31
A7: 6 | B7: 30 | C7: 33 | D7: 32 | E7: 29 | F7: 30 | G7: 29 | H7: 31 | I7: 33 | J7: 38 | K7: 30 | L7: 34 | M7: 35 | N7: 34 | O7: 35 | P7: 29 | Q7: 29 | R7: 35 | S7: 32 | T7: 32 | U7: 32
A8: 7 | B8: 32 | C8: 35 | D8: 34 | E8: 31 | F8: 32 | G8: 32 | H8: 33 | I8: 36 | J8: 40 | K8: 32 | L8: 37 | M8: 37 | N8: 36 | O8: 38 | P8: 32 | Q8: 31 | R8: 37 | S8: 34 | T8: 35 | U8: 34
A9: 8 | B9: 34 | C9: 38 | D9: 36 | E9: 34 | F9: 35 | G9: 34 | H9: 35 | I9: 38 | J9: 43 | K9: 35 | L9: 40 | M9: 39 | N9: 39 | O9: 41 | P9: 34 | Q9: 34 | R9: 40 | S9: 36 | T9: 37 | U9: 36
A10: 9 | B10: 37 | C10: 40 | D10: 38 | E10: 36 | F10: 37 | G10: 36 | H10: 37 | I10: 40 | J10: 46 | K10: 37 | L10: 42 | M10: 41 | N10: 42 | O10: 44 | P10: 37 | Q10: 36 | R10: 42 | S10: 38 | T10: 39 | U10: 38
A11: 10 | B11: 51 | C11: 51 | D11: 51 | E11: 51 | F11: 51 | G11: 51 | H11: 51 | I11: 51 | J11: 51 | K11: 51 | L11: 51 | M11: 51 | N11: 51 | O11: 51 | P11: 51 | Q11: 51 | R11: 51 | S11: 51 | T11: 51 | U11: 51
B12: =COUNTIF(B2:B11,"<="&B13)+1 -> 5 | C12: =COUNTIF(C2:C11,"<="&C13)+1 -> 2 | D12: =COUNTIF(D2:D11,"<="&D13)+1 -> 3 | E12: =COUNTIF(E2:E11,"<="&E13)+1 -> 5 | F12: =COUNTIF(F2:F11,"<="&F13)+1 -> 4 | G12: =COUNTIF(G2:G11,"<="&G13)+1 -> 3 | H12: =COUNTIF(H2:H11,"<="&H13)+1 -> 1 | I12: =COUNTIF(I2:I11,"<="&I13)+1 -> 3 | ... U12: =COUNTIF(U2:U11,"<="&U13)+1 -> 9
B13: =결과지_1!C7 -> 25 | C13: =결과지_1!D7 -> 23 | D13: =결과지_1!E7 -> 24 | E13: =결과지_1!F7 -> 25 | F13: =결과지_1!G7 -> 22 | G13: =결과지_1!H7 -> 20 | H13: =결과지_1!I7 -> 16 | I13: =결과지_1!J7 -> 23 | ... U13: =결과지_1!V7 -> 36

Sheet 규준표41
A1: 50세 이상, 남 | B1: 허세 | C1: 반동형성 | D1: 동일시 | E1: 수동-공격적 | F1: 투사 | G1: 전치 | H1: 부정 | I1: 통제 | J1: 억제 | K1: 왜곡 | L1: 예견 | M1: 합리화 | N1: 해리 | O1: 신체화 | P1: 승화 | Q1: 행동화 | R1: 이타주의 | S1: 퇴행 | T1: 유머 | U1: 회피
A2: 1 | B2: 16 | C2: 21 | D2: 21 | E2: 17 | F2: 18 | G2: 15 | H2: 19 | I2: 23 | J2: 25 | K2: 18 | L2: 23 | M2: 24 | N2: 19 | O2: 17 | P2: 16 | Q2: 15 | R2: 23 | S2: 18 | T2: 20 | U2: 22
A3: 2 | B3: 18 | C3: 24 | D3: 24 | E3: 20 | F3: 20 | G3: 18 | H3: 21 | I3: 25 | J3: 28 | K3: 20 | L3: 26 | M3: 26 | N3: 21 | O3: 20 | P3: 19 | Q3: 18 | R3: 26 | S3: 20 | T3: 22 | U3: 24
A4: 3 | B4: 21 | C4: 26 | D4: 26 | E4: 22 | F4: 22 | G4: 21 | H4: 24 | I4: 27 | J4: 30 | K4: 22 | L4: 28 | M4: 29 | N4: 24 | O4: 23 | P4: 22 | Q4: 21 | R4: 28 | S4: 23 | T4: 25 | U4: 26
A5: 4 | B5: 24 | C5: 28 | D5: 28 | E5: 25 | F5: 25 | G5: 23 | H5: 26 | I5: 30 | J5: 33 | K5: 25 | L5: 30 | M5: 31 | N5: 27 | O5: 26 | P5: 24 | Q5: 24 | R5: 31 | S5: 25 | T5: 28 | U5: 29
A6: 5 | B6: 26 | C6: 31 | D6: 31 | E6: 27 | F6: 27 | G6: 26 | H6: 28 | I6: 32 | J6: 35 | K6: 27 | L6: 33 | M6: 33 | N6: 30 | O6: 29 | P6: 27 | Q6: 27 | R6: 33 | S6: 28 | T6: 30 | U6: 31
A7: 6 | B7: 29 | C7: 33 | D7: 33 | E7: 30 | F7: 29 | G7: 28 | H7: 31 | I7: 35 | J7: 38 | K7: 30 | L7: 35 | M7: 35 | N7: 32 | O7: 32 | P7: 30 | Q7: 30 | R7: 36 | S7: 30 | T7: 33 | U7: 33
A8: 7 | B8: 31 | C8: 35 | D8: 35 | E8: 32 | F8: 31 | G8: 31 | H8: 33 | I8: 37 | J8: 40 | K8: 32 | L8: 37 | M8: 37 | N8: 35 | O8: 35 | P8: 32 | Q8: 33 | R8: 38 | S8: 32 | T8: 35 | U8: 35
A9: 8 | B9: 34 | C9: 37 | D9: 38 | E9: 35 | F9: 34 | G9: 33 | H9: 35 | I9: 39 | J9: 43 | K9: 35 | L9: 40 | M9: 39 | N9: 38 | O9: 38 | P9: 35 | Q9: 36 | R9: 41 | S9: 35 | T9: 38 | U9: 38
A10: 9 | B10: 37 | C10: 40 | D10: 40 | E10: 37 | F10: 36 | G10: 36 | H10: 38 | I10: 42 | J10: 45 | K10: 37 | L10: 42 | M10: 41 | N10: 41 | O10: 41 | P10: 38 | Q10: 39 | R10: 43 | S10: 37 | T10: 41 | U10: 40
A11: 10 | B11: 51 | C11: 51 | D11: 51 | E11: 51 | F11: 51 | G11: 51 | H11: 51 | I11: 51 | J11: 51 | K11: 51 | L11: 51 | M11: 51 | N11: 51 | O11: 51 | P11: 51 | Q11: 51 | R11: 51 | S11: 51 | T11: 51 | U11: 51
B12: =COUNTIF(B2:B11,"<="&B13)+1 -> 5 | C12: =COUNTIF(C2:C11,"<="&C13)+1 -> 2 | D12: =COUNTIF(D2:D11,"<="&D13)+1 -> 3 | E12: =COUNTIF(E2:E11,"<="&E13)+1 -> 5 | F12: =COUNTIF(F2:F11,"<="&F13)+1 -> 4 | G12: =COUNTIF(G2:G11,"<="&G13)+1 -> 3 | H12: =COUNTIF(H2:H11,"<="&H13)+1 -> 1 | I12: =COUNTIF(I2:I11,"<="&I13)+1 -> 2 | ... U12: =COUNTIF(U2:U11,"<="&U13)+1 -> 8
B13: =결과지_1!C7 -> 25 | C13: =결과지_1!D7 -> 23 | D13: =결과지_1!E7 -> 24 | E13: =결과지_1!F7 -> 25 | F13: =결과지_1!G7 -> 22 | G13: =결과지_1!H7 -> 20 | H13: =결과지_1!I7 -> 16 | I13: =결과지_1!J7 -> 23 | ... U13: =결과지_1!V7 -> 36

Sheet 규준표42
A1: 50세 이상, 여 | B1: 허세 | C1: 반동형성 | D1: 동일시 | E1: 수동-공격적 | F1: 투사 | G1: 전치 | H1: 부정 | I1: 통제 | J1: 억제 | K1: 왜곡 | L1: 예견 | M1: 합리화 | N1: 해리 | O1: 신체화 | P1: 승화 | Q1: 행동화 | R1: 이타주의 | S1: 퇴행 | T1: 유머 | U1: 회피
A2: 1 | B2: 18 | C2: 22 | D2: 25 | E2: 19 | F2: 18 | G2: 19 | H2: 21 | I2: 23 | J2: 26 | K2: 20 | L2: 24 | M2: 24 | N2: 21 | O2: 22 | P2: 19 | Q2: 16 | R2: 23 | S2: 22 | T2: 18 | U2: 23
A3: 2 | B3: 20 | C3: 24 | D3: 27 | E3: 22 | F3: 20 | G3: 21 | H3: 23 | I3: 25 | J3: 28 | K3: 22 | L3: 26 | M3: 27 | N3: 24 | O3: 25 | P3: 22 | Q3: 19 | R3: 26 | S3: 24 | T3: 21 | U3: 25
A4: 3 | B4: 23 | C4: 26 | D4: 29 | E4: 24 | F4: 23 | G4: 23 | H4: 25 | I4: 28 | J4: 31 | K4: 24 | L4: 29 | M4: 29 | N4: 27 | O4: 28 | P4: 24 | Q4: 21 | R4: 28 | S4: 26 | T4: 24 | U4: 27
A5: 4 | B5: 25 | C5: 29 | D5: 31 | E5: 27 | F5: 26 | G5: 26 | H5: 27 | I5: 30 | J5: 33 | K5: 27 | L5: 31 | M5: 31 | N5: 30 | O5: 30 | P5: 26 | Q5: 24 | R5: 31 | S5: 29 | T5: 27 | U5: 29
A6: 5 | B6: 28 | C6: 31 | D6: 33 | E6: 29 | F6: 29 | G6: 28 | H6: 29 | I6: 32 | J6: 35 | K6: 29 | L6: 34 | M6: 33 | N6: 33 | O6: 33 | P6: 28 | Q6: 27 | R6: 34 | S6: 31 | T6: 30 | U6: 31
A7: 6 | B7: 31 | C7: 33 | D7: 35 | E7: 31 | F7: 32 | G7: 30 | H7: 31 | I7: 35 | J7: 38 | K7: 32 | L7: 36 | M7: 36 | N7: 36 | O7: 36 | P7: 31 | Q7: 30 | R7: 36 | S7: 33 | T7: 33 | U7: 33
A8: 7 | B8: 33 | C8: 36 | D8: 37 | E8: 34 | F8: 35 | G8: 33 | H8: 33 | I8: 37 | J8: 40 | K8: 34 | L8: 38 | M8: 38 | N8: 38 | O8: 39 | P8: 33 | Q8: 32 | R8: 39 | S8: 35 | T8: 35 | U8: 35
A9: 8 | B9: 36 | C9: 38 | D9: 39 | E9: 36 | F9: 38 | G9: 35 | H9: 35 | I9: 39 | J9: 42 | K9: 36 | L9: 41 | M9: 40 | N9: 41 | O9: 42 | P9: 35 | Q9: 35 | R9: 41 | S9: 37 | T9: 38 | U9: 37
A10: 9 | B10: 38 | C10: 40 | D10: 41 | E10: 39 | F10: 40 | G10: 37 | H10: 37 | I10: 42 | J10: 45 | K10: 39 | L10: 43 | M10: 43 | N10: 44 | O10: 44 | P10: 37 | Q10: 38 | R10: 44 | S10: 39 | T10: 41 | U10: 39
A11: 10 | B11: 51 | C11: 51 | D11: 51 | E11: 51 | F11: 51 | G11: 51 | H11: 51 | I11: 51 | J11: 51 | K11: 51 | L11: 51 | M11: 51 | N11: 51 | O11: 51 | P11: 51 | Q11: 51 | R11: 51 | S11: 51 | T11: 51 | U11: 51
B12: =COUNTIF(B2:B11,"<="&B13)+1 -> 5 | C12: =COUNTIF(C2:C11,"<="&C13)+1 -> 2 | D12: =COUNTIF(D2:D11,"<="&D13)+1 -> 1 | E12: =COUNTIF(E2:E11,"<="&E13)+1 -> 4 | F12: =COUNTIF(F2:F11,"<="&F13)+1 -> 3 | G12: =COUNTIF(G2:G11,"<="&G13)+1 -> 2 | H12: =COUNTIF(H2:H11,"<="&H13)+1 -> 1 | I12: =COUNTIF(I2:I11,"<="&I13)+1 -> 2 | ... U12: =COUNTIF(U2:U11,"<="&U13)+1 -> 8
B13: =결과지_1!C7 -> 25 | C13: =결과지_1!D7 -> 23 | D13: =결과지_1!E7 -> 24 | E13: =결과지_1!F7 -> 25 | F13: =결과지_1!G7 -> 22 | G13: =결과지_1!H7 -> 20 | H13: =결과지_1!I7 -> 16 | I13: =결과지_1!J7 -> 23 | ... U13: =결과지_1!V7 -> 36
